[{"weight":{"imperial":"45 - 100","metric":"20 - 45"},"height":{"imperial":"14 - 24","metric":"36 - 61"},"id":148,"name":"Labradoodle","breed_group":"Mixed","life_span":"10 - 15 years"},{"weight":{"imperial":"55 - 80","metric":"25 - 36"},"height":{"imperial":"21.5 - 24.5","metric":"55 - 62"},"id":149,"name":"Labrador Retriever","bred_for":"Water retrieving","breed_group":"Sporting","life_span":"10 - 13 years","temperament":"Kind, Outgoing, Agile, Gentle, Intelligent, Trusting, Even Tempered","reference_image_id":"B1uW7l5VX"}]
